Games,Season,Participants,UniqueSports,UniqueEvents
1896 Summer,Summer,12,9,43
1900 Summer,Summer,31,20,90
1904 Summer,Summer,15,18,95
1906 Summer,Summer,21,13,74
1908 Summer,Summer,22,24,109
1912 Summer,Summer,29,17,107
1920 Summer,Summer,29,25,158
1924 Summer,Summer,45,20,131
1924 Winter,Winter,19,10,17
1928 Summer,Summer,46,17,122
1928 Winter,Winter,25,8,14
1932 Summer,Summer,47,18,131
1932 Winter,Winter,17,7,14
1936 Summer,Summer,49,24,150
1936 Winter,Winter,28,8,17
1948 Summer,Summer,59,20,153
1948 Winter,Winter,28,9,22
1952 Summer,Summer,69,19,149
1952 Winter,Winter,30,8,22
1956 Summer,Summer,72,19,151
1956 Winter,Winter,32,8,24
1960 Summer,Summer,84,19,150
1960 Winter,Winter,30,8,27
1964 Summer,Summer,93,21,163
1964 Winter,Winter,36,10,34
1968 Summer,Summer,112,20,172
1968 Winter,Winter,37,10,35
1972 Summer,Summer,121,23,193
1972 Winter,Winter,35,10,35
1976 Summer,Summer,92,23,198
1976 Winter,Winter,37,10,37
1980 Summer,Summer,80,23,203
1980 Winter,Winter,37,10,38
1984 Summer,Summer,140,25,221
1984 Winter,Winter,49,10,39
1988 Summer,Summer,159,27,237
1988 Winter,Winter,57,10,46
1992 Summer,Summer,169,29,257
1992 Winter,Winter,64,12,57
1994 Winter,Winter,67,12,61
1996 Summer,Summer,197,31,271
1998 Winter,Winter,72,14,68
2000 Summer,Summer,200,34,300
2002 Winter,Winter,77,15,78
2004 Summer,Summer,201,34,301
2006 Winter,Winter,79,15,84
2008 Summer,Summer,204,34,302
2010 Winter,Winter,82,15,86
2012 Summer,Summer,205,32,302
2014 Winter,Winter,89,15,98
2016 Summer,Summer,207,34,306
